{"text": " Hola, probando, probando. No s\u00e9 si estoy grabando con el nuevo micr\u00f3fono. A ver si grababa mejor con el anterior micr\u00f3fono.", "segments": [{"id": 0, "seek": 0, "start": 0.0, "end": 5.0, "text": " Hola, probando, probando. No s\u00e9 si estoy grabando con el nuevo micr\u00f3fono.", "tokens": [50364, 22637, 11, 1239, 1806, 11, 1239, 1806, 13, 883, 7910, 1511, 15796, 4444, 1806, 416, 806, 18591, 3123, 11721, 69, 8957, 13, 50614], "temperature": 0.0, "avg_logprob": -0.26962910628900294, "compression_ratio": 1.2857142857142858, "no_speech_prob": 0.10127776861190796}, {"id": 1, "seek": 0, "start": 5.0, "end": 9.0, "text": " A ver si grababa mejor con el anterior micr\u00f3fono.", "tokens": [50614, 316, 1306, 1511, 4444, 5509, 11479, 416, 806, 22272, 3123, 11721, 69, 8957, 13, 50814], "temperature": 0.0, "avg_logprob": -0.26962910628900294, "compression_ratio": 1.2857142857142858, "no_speech_prob": 0.10127776861190796}], "language": "es"}